time	species	protein	transcript	ribo_density
0.000000	__proteinX_rbs	0.000000	0.000000	0.000000
0.000000	__proteinY_rbs	0.000000	0.000000	0.000000
0.000000	__proteinZ_rbs	0.000000	0.000000	0.000000
0.000000	__ribosome	100.000000	0.000000	0.000000
0.000000	__rnase_site	0.000000	0.000000	0.000000
0.000000	__rnase_site_ext	0.000000	0.000000	0.000000
0.000000	rnapol	4.000000	0.000000	0.000000
