Iteration	Sum_of_Squares	Accepted
1	187530.39999999997	yes
2	187530.39999999997	yes
3	187530.39999999997	yes
4	206396.2	no
5	262186.80000000005	no
