start	stop	current_strength	previous_strength	value
26	121	0.0	0.0	0.0
159	280	0.0	0.0	0.0
319	449	0.0	0.0	0.0
1	10	26580785677.0	0.0	0.0
0	0	0.0	0.0	0.0
282	291	47222.021556834006	0.0	0.0
0	0	0.0	0.0	0.0
0	0	0.0	0.0	0.0
307	317	0.0	0.0	0.0
0	0	0.0	0.0	0.0
0	0	0.0	0.0	0.0
0	0	0.0	0.0	0.0
0	0	0.0	0.0	1.0
0	0	0.0	0.0	-0.043550658973021905
11	25	0.0	0.0	0.0
122	132	0.0	0.0	0.0
133	143	0.0	0.0	0.0
144	159	0.0	0.0	0.0
281	291	0.0	0.0	0.0
292	302	0.0	0.0	0.0
303	318	0.0	0.0	0.0
