Iteration	Sum_of_Squares	Accepted
1	189126.75999999998	yes
2	196076.47999999998	no
3	194115.27999999997	no
4	285864.4	no
5	300015.56	no
