Iteration	Sum_of_Squares	Accepted
1	189259.15999999997	yes
2	192869.2	no
3	122122.31999999999	yes
4	127760.35999999996	no
5	324050.36	no
