start	stop	current_strength	previous_strength	value
26	121	0.0	0.0	0.0
159	280	0.0	0.0	0.0
319	449	0.0	0.0	0.0
1	10	673426210.0	0.0	0.0
133	142	143772.0155023441	0.0	0.0
0	0	0.0	0.0	0.0
0	0	0.0	0.0	0.0
0	0	0.0	0.0	0.0
281	291	0.0	0.0	0.0
0	0	0.0	0.0	0.0
0	0	0.0	0.0	0.0
0	0	0.0	0.0	0.0
0	0	0.0	0.0	1.0
0	0	0.0	0.0	3.364933400713253
11	25	0.0	0.0	0.0
122	132	0.0	0.0	0.0
133	143	0.0	0.0	0.0
144	159	0.0	0.0	0.0
281	291	0.0	0.0	0.0
292	302	0.0	0.0	0.0
303	318	0.0	0.0	0.0
